scope,icc_value,lower_ci,upper_ci,interpretation
overall,0.9267823341328115,0.9192838003446516,0.9335414590386143,Excellent
aristoteles,0.847527858655254,0.8053870876187662,0.8802617209681333,Good
dekker,0.9193303573093506,0.8981885699957023,0.9385739014159901,Excellent
esthetiek,0.8640259989778243,0.8297635033114433,0.8927604451644696,Good
kolb,0.9381336062599592,0.9264319939659718,0.9481036888531656,Excellent
schulz_von_thun,0.8174566663536058,0.7530212584702519,0.8652207821781747,Good
transactional,0.9150058480540896,0.8907608351450709,0.9362946795184615,Excellent
