n_comparisons,mean_abs_diff,sd_abs_diff,median_abs_diff,max_abs_diff,exact_matches,pct_exact,within_1pt,pct_within_1pt,correlation
1643,0.3476567255021283,0.6378053487123135,0,5,1157,70.4199634814364,1562,95.06999391357273,0.9294602116953563
